timestamp,players_online
2026-10-06T20:09:16Z,0
2026-10-06T20:31:23Z,0
2026-10-06T20:55:35Z,0
2026-10-06T21:12:37Z,0
2026-10-06T21:31:14Z,0
2026-10-06T21:53:58Z,0
2026-10-06T22:11:41Z,0
2026-10-06T22:30:47Z,0
2026-10-06T22:54:42Z,0
2026-10-06T23:10:57Z,0
2026-10-06T23:29:07Z,0
2026-10-06T23:45:53Z,0
2026-10-07T00:19:26Z,1
2026-10-07T00:52:44Z,1
2026-10-07T01:14:37Z,0
2026-10-07T01:35:17Z,1
2026-10-07T01:56:43Z,1
2026-10-07T02:16:13Z,0
2026-10-07T02:44:23Z,0
2026-10-07T02:59:35Z,0
2026-10-07T03:21:26Z,0
2026-10-07T03:45:27Z,0
